City,x,y
Huntington,-82.445371,38.420024
